Row ID,Order ID,Order Date,Ship Date,Ship Mode,Customer ID,Customer Name,Segment,Postal Code,City,State,Country,Region,Market,Product ID,Category,Sub-Category,Product Name,Sales,Quantity,Discount,Profit,Shipping Cost,Order Priority,Month,Shipping Delay (Days)
40098,CA-2014-AB10015140-41954,2014-11-11,2014-11-13,First Class,AB-100151402,Aaron Bergman,Consumer,73120.0,Oklahoma City,Oklahoma,United States,Central US,USCA,TEC-PH-5816,Technology,Phones,Samsung Convoy 3,221.98,2,0.0,62.15,40.77,High,2014-11,2
40099,CA-2014-AB10015140-41954,2014-11-11,2014-11-13,First Class,AB-100151402,Aaron Bergman,Consumer,73120.0,Oklahoma City,Oklahoma,United States,Central US,USCA,FUR-BO-5957,Furniture,Bookcases,"Sauder Facets Collection Library, Sky Alder Finish",341.96,2,0.0,54.71,25.27,High,2014-11,2
36258,CA-2012-AB10015140-40974,2012-03-06,2012-03-07,First Class,AB-100151404,Aaron Bergman,Consumer,98103.0,Seattle,Washington,United States,Western US,USCA,FUR-CH-4421,Furniture,Chairs,"Global Push Button Manager's Chair, Indigo",48.71,1,0.2,5.48,11.13,High,2012-03,1
36259,CA-2012-AB10015140-40974,2012-03-06,2012-03-07,First Class,AB-100151404,Aaron Bergman,Consumer,98103.0,Seattle,Washington,United States,Western US,USCA,OFF-AR-5309,Office Supplies,Art,Newell 330,17.94,3,0.0,4.66,4.29,High,2012-03,1
39519,CA-2012-AB10015140-40958,2012-02-19,2012-02-25,Standard Class,AB-100151402,Aaron Bergman,Consumer,76017.0,Arlington,Texas,United States,Central US,USCA,OFF-ST-3078,Office Supplies,Storage,Akro Stacking Bins,12.62,2,0.2,-2.52,1.97,Low,2012-02,6
36260,CA-2012-AB10015140-40974,2012-03-06,2012-03-07,First Class,AB-100151404,Aaron Bergman,Consumer,98103.0,Seattle,Washington,United States,Western US,USCA,OFF-ST-3744,Office Supplies,Storage,"Carina 42""Hx23 3/4""W Media Storage Unit",242.94,3,0.0,4.86,1.28,High,2012-03,1
38460,CA-2012-AH10030140-41020,2012-04-21,2012-04-23,Second Class,AH-100301406,Aaron Hawkins,Corporate,12180.0,Troy,New York,United States,Eastern US,USCA,OFF-FA-6129,Office Supplies,Fasteners,Staples,247.84,8,0.0,121.44,55.2,Critical,2012-04,2
40977,CA-2013-AH10030140-41635,2013-12-27,2013-12-31,Standard Class,AH-100301404,Aaron Hawkins,Corporate,94122.0,San Francisco,California,United States,Western US,USCA,TEC-PH-4389,Technology,Phones,Geemarc AmpliPOWER60,668.16,9,0.2,75.17,45.74,Medium,2013-12,4
40976,CA-2013-AH10030140-41635,2013-12-27,2013-12-31,Standard Class,AH-100301404,Aaron Hawkins,Corporate,94122.0,San Francisco,California,United States,Western US,USCA,OFF-ST-4291,Office Supplies,Storage,Fellowes Super Stor/Drawer Files,323.1,2,0.0,61.39,26.7,Medium,2013-12,4
36651,CA-2012-AH10030140-41041,2012-05-12,2012-05-18,Standard Class,AH-100301404,Aaron Hawkins,Corporate,90004.0,Los Angeles,California,United States,Western US,USCA,FUR-CH-4840,Furniture,Chairs,"Iceberg Nesting Folding Chair, 19w x 6d x 43h",279.46,6,0.2,20.96,11.69,Medium,2012-05,6
40100,CA-2012-AH10030140-41273,2012-12-30,2012-12-31,First Class,AH-100301406,Aaron Hawkins,Corporate,10035.0,New York City,New York,United States,Eastern US,USCA,TEC-AC-6340,Technology,Accessories,"Verbatim 25 GB 6x Blu-ray Single Layer Recordable Disc, 10/Pack",34.77,3,0.0,11.47,8.22,High,2012-12,1
34608,CA-2014-AH10030140-41719,2014-03-21,2014-03-26,Second Class,AH-100301408,Aaron Hawkins,Corporate,39503.0,Gulfport,Mississippi,United States,Southern US,USCA,FUR-FU-4072,Furniture,Furnishings,"Eldon Image Series Desk Accessories, Ebony",86.45,7,0.0,38.04,5.73,Medium,2014-03,5
37425,US-2012-AH10030140-41206,2012-10-24,2012-10-27,First Class,AH-100301404,Aaron Hawkins,Corporate,94109.0,San Francisco,California,United States,Western US,USCA,OFF-BI-4372,Office Supplies,Binders,GBC VeloBind Cover Sets,49.41,4,0.2,18.53,2.84,High,2012-10,3
40101,CA-2012-AH10030140-41273,2012-12-30,2012-12-31,First Class,AH-100301406,Aaron Hawkins,Corporate,10035.0,New York City,New York,United States,Eastern US,USCA,OFF-LA-3231,Office Supplies,Labels,Avery 51,18.9,3,0.0,8.69,1.3,High,2012-12,1
38461,CA-2012-AH10030140-41020,2012-04-21,2012-04-23,Second Class,AH-100301406,Aaron Hawkins,Corporate,12180.0,Troy,New York,United States,Eastern US,USCA,OFF-BI-2937,Office Supplies,Binders,"ACCOHIDE 3-Ring Binder, Blue, 1""",9.91,3,0.2,3.35,1.2,Critical,2012-04,2
36652,CA-2012-AH10030140-41041,2012-05-12,2012-05-18,Standard Class,AH-100301404,Aaron Hawkins,Corporate,90004.0,Los Angeles,California,United States,Western US,USCA,OFF-PA-4014,Office Supplies,Paper,EcoTones Memo Sheets,8.0,2,0.0,3.84,1.15,Medium,2012-05,6
34496,CA-2015-AH10030140-42357,2015-12-19,2015-12-23,Standard Class,AH-100301406,Aaron Hawkins,Corporate,19134.0,Philadelphia,Pennsylvania,United States,Eastern US,USCA,OFF-AR-3276,Office Supplies,Art,Avery Fluorescent Highlighter Four-Color Set,18.7,7,0.2,2.34,1.13,Medium,2015-12,4
32637,CA-2015-AS10045140-42007,2015-01-03,2015-01-05,First Class,AS-100451408,Aaron Smayling,Corporate,28540.0,Jacksonville,North Carolina,United States,Southern US,USCA,TEC-MA-3788,Technology,Machines,Cisco CP-7937G Unified IP Conference Station Phone,695.7,2,0.5,-27.83,160.19,High,2015-01,2
33130,CA-2015-AS10045140-42218,2015-08-02,2015-08-08,Standard Class,AS-100451402,Aaron Smayling,Corporate,78745.0,Austin,Texas,United States,Central US,USCA,TEC-MA-3329,Technology,Machines,Bady BDG101FRU Card Printer,1439.98,3,0.4,-264.0,103.62,Medium,2015-08,6
40834,CA-2014-AS10045140-41908,2014-09-26,2014-09-28,First Class,AS-100451404,Aaron Smayling,Corporate,94110.0,San Francisco,California,United States,Western US,USCA,FUR-BO-3176,Furniture,Bookcases,"Atlantic Metals Mobile 4-Shelf Bookcases, Custom Colors",477.67,2,0.15,84.29,43.01,Critical,2014-09,2
40425,US-2015-AS10045140-42252,2015-09-05,2015-09-06,First Class,AS-100451404,Aaron Smayling,Corporate,97756.0,Redmond,Oregon,United States,Western US,USCA,OFF-BI-3324,Office Supplies,Binders,"Avery Trapezoid Extra Heavy Duty 4"" Binders",88.07,7,0.7,-58.72,23.88,High,2015-09,1
34336,CA-2015-AS10045140-42281,2015-10-04,2015-10-09,Standard Class,AS-100451404,Aaron Smayling,Corporate,91104.0,Pasadena,California,United States,Western US,USCA,FUR-TA-5066,Furniture,Tables,"Lesro Sheffield Collection Coffee Table, End Table, Center Table, Corner Table",171.29,3,0.2,-6.42,12.65,Medium,2015-10,5
32639,CA-2015-AS10045140-42007,2015-01-03,2015-01-05,First Class,AS-100451408,Aaron Smayling,Corporate,28540.0,Jacksonville,North Carolina,United States,Southern US,USCA,OFF-BI-3308,Office Supplies,Binders,Avery Recycled Flexi-View Covers for Binding Systems,28.85,6,0.7,-21.16,5.35,High,2015-01,2
35876,US-2012-AS10045140-41116,2012-07-26,2012-08-01,Standard Class,AS-100451406,Aaron Smayling,Corporate,10035.0,New York City,New York,United States,Eastern US,USCA,OFF-PA-6512,Office Supplies,Paper,Xerox 1956,65.78,11,0.0,32.23,4.36,Medium,2012-07,6
32648,CA-2014-AS10045140-41727,2014-03-29,2014-04-01,First Class,AS-100451408,Aaron Smayling,Corporate,22204.0,Arlington,Virginia,United States,Southern US,USCA,OFF-ST-4516,Office Supplies,Storage,Hanging Personal Folder File,31.4,2,0.0,7.85,3.81,Medium,2014-03,3
33131,CA-2015-AS10045140-42218,2015-08-02,2015-08-08,Standard Class,AS-100451402,Aaron Smayling,Corporate,78745.0,Austin,Texas,United States,Central US,USCA,OFF-PA-6557,Office Supplies,Paper,Xerox 1998,36.29,7,0.2,12.7,1.99,Medium,2015-08,6
32638,CA-2015-AS10045140-42007,2015-01-03,2015-01-05,First Class,AS-100451408,Aaron Smayling,Corporate,28540.0,Jacksonville,North Carolina,United States,Southern US,USCA,OFF-BI-3185,Office Supplies,Binders,"Avery 3 1/2"" Diskette Storage Pages, 10/Pack",15.66,5,0.7,-12.53,1.56,High,2015-01,2
39465,CA-2015-AB10060140-42315,2015-11-07,2015-11-14,Standard Class,AB-100601404,Adam Bellavance,Home Office,98105.0,Seattle,Washington,United States,Western US,USCA,FUR-TA-4622,Furniture,Tables,Hon 5100 Series Wood Tables,2036.86,7,0.0,366.63,524.76,Low,2015-11,7
31650,CA-2014-AB10060140-41884,2014-09-02,2014-09-04,First Class,AB-100601406,Adam Bellavance,Home Office,10009.0,New York City,New York,United States,Eastern US,USCA,OFF-BI-4340,Office Supplies,Binders,GBC DocuBind P400 Electric Binding System,4355.17,4,0.2,1415.43,82.67,Critical,2014-09,2
39466,CA-2015-AB10060140-42315,2015-11-07,2015-11-14,Standard Class,AB-100601404,Adam Bellavance,Home Office,98105.0,Seattle,Washington,United States,Western US,USCA,FUR-CH-4613,Furniture,Chairs,Hon 2090 “Pillow Soft” Series Mid Back Swivel/Tilt Chairs,449.57,2,0.2,-73.05,47.81,Low,2015-11,7
33661,US-2014-AB10060140-41712,2014-03-14,2014-03-19,Standard Class,AB-100601408,Adam Bellavance,Home Office,22980.0,Waynesboro,Virginia,United States,Southern US,USCA,OFF-AP-4221,Office Supplies,Appliances,"Eureka The Boss Lite 10-Amp Upright Vacuum, Blue",160.32,2,0.0,44.89,13.75,Medium,2014-03,5
39467,CA-2015-AB10060140-42315,2015-11-07,2015-11-14,Standard Class,AB-100601404,Adam Bellavance,Home Office,98105.0,Seattle,Washington,United States,Western US,USCA,TEC-AC-5858,Technology,Accessories,SanDisk Cruzer 64 GB USB Flash Drive,108.96,3,0.0,32.69,11.57,Low,2015-11,7
40796,CA-2015-AB10060140-42314,2015-11-06,2015-11-08,First Class,AB-100601402,Adam Bellavance,Home Office,46142.0,Greenwood,Indiana,United States,Central US,USCA,OFF-PA-6214,Office Supplies,Paper,Strathmore Photo Mount Cards,67.8,10,0.0,31.19,7.97,High,2015-11,2
40795,CA-2015-AB10060140-42314,2015-11-06,2015-11-08,First Class,AB-100601402,Adam Bellavance,Home Office,46142.0,Greenwood,Indiana,United States,Central US,USCA,OFF-FA-6129,Office Supplies,Fasteners,Staples,167.94,3,0.0,82.29,6.61,High,2015-11,2
31647,CA-2014-AB10060140-41884,2014-09-02,2014-09-04,First Class,AB-100601406,Adam Bellavance,Home Office,10009.0,New York City,New York,United States,Eastern US,USCA,OFF-PA-6430,Office Supplies,Paper,Xerox 1881,24.56,2,0.0,11.54,6.53,Critical,2014-09,2
31649,CA-2014-AB10060140-41884,2014-09-02,2014-09-04,First Class,AB-100601406,Adam Bellavance,Home Office,10009.0,New York City,New York,United States,Eastern US,USCA,OFF-PA-6430,Office Supplies,Paper,Xerox 1881,49.12,4,0.0,23.09,6.22,Critical,2014-09,2
36297,CA-2015-AB10060140-42132,2015-05-08,2015-05-13,Standard Class,AB-100601404,Adam Bellavance,Home Office,90004.0,Los Angeles,California,United States,Western US,USCA,TEC-AC-5109,Technology,Accessories,Logitech G600 MMO Gaming Mouse,79.99,1,0.0,28.8,5.44,Medium,2015-05,5
33660,US-2014-AB10060140-41712,2014-03-14,2014-03-19,Standard Class,AB-100601408,Adam Bellavance,Home Office,22980.0,Waynesboro,Virginia,United States,Southern US,USCA,FUR-FU-4762,Furniture,Furnishings,"Howard Miller 14-1/2"" Diameter Chrome Round Wall Clock",127.88,2,0.0,40.92,3.15,Medium,2014-03,5
33662,US-2014-AB10060140-41712,2014-03-14,2014-03-19,Standard Class,AB-100601408,Adam Bellavance,Home Office,22980.0,Waynesboro,Virginia,United States,Southern US,USCA,OFF-BI-4819,Office Supplies,Binders,Ibico Covers for Plastic or Wire Binding Elements,46.0,4,0.0,20.7,2.72,Medium,2014-03,5
32472,CA-2014-AB10060140-41881,2014-08-30,2014-09-04,Standard Class,AB-100601406,Adam Bellavance,Home Office,3301.0,Concord,New Hampshire,United States,Eastern US,USCA,OFF-SU-2972,Office Supplies,Supplies,Acme Forged Steel Scissors with Black Enamel Handles,27.93,3,0.0,8.1,2.16,Medium,2014-08,5
36347,CA-2013-AB10060140-41535,2013-09-18,2013-09-24,Standard Class,AB-100601404,Adam Bellavance,Home Office,98198.0,Des Moines,Washington,United States,Western US,USCA,OFF-PA-6420,Office Supplies,Paper,"Wirebound Message Books, Four 2 3/4"" x 5"" Forms per Page, 600 Sets per Book",18.54,2,0.0,8.71,1.69,Medium,2013-09,6
31648,CA-2014-AB10060140-41884,2014-09-02,2014-09-04,First Class,AB-100601406,Adam Bellavance,Home Office,10009.0,New York City,New York,United States,Eastern US,USCA,OFF-BI-2911,Office Supplies,Binders,Acco Hanging Data Binders,3.05,1,0.2,1.07,1.67,Critical,2014-09,2
31646,CA-2014-AB10060140-41884,2014-09-02,2014-09-04,First Class,AB-100601406,Adam Bellavance,Home Office,10009.0,New York City,New York,United States,Eastern US,USCA,TEC-AC-5744,Technology,Accessories,Sabrent 4-Port USB 2.0 Hub,6.79,1,0.0,2.31,1.31,Critical,2014-09,2
34330,CA-2015-AB10060140-42264,2015-09-17,2015-09-22,Standard Class,AB-100601406,Adam Bellavance,Home Office,19143.0,Philadelphia,Pennsylvania,United States,Eastern US,USCA,OFF-PA-6596,Office Supplies,Paper,Xerox 231,20.74,4,0.2,7.26,1.23,High,2015-09,5
40794,CA-2015-AB10060140-42314,2015-11-06,2015-11-08,First Class,AB-100601402,Adam Bellavance,Home Office,46142.0,Greenwood,Indiana,United States,Central US,USCA,OFF-PA-3114,Office Supplies,Paper,"Ampad Gold Fibre Wirebound Steno Books, 6"" x 9"", Gregg Ruled",4.41,1,0.0,2.03,1.21,High,2015-11,2
39745,CA-2015-AH10075140-42301,2015-10-24,2015-10-25,First Class,AH-100751406,Adam Hart,Corporate,2920.0,Cranston,Rhode Island,United States,Eastern US,USCA,FUR-TA-5421,Furniture,Tables,"Office Impressions End Table, 20-1/2""H x 24""W x 20""D",637.9,3,0.3,-127.58,188.95,Critical,2015-10,1
39744,CA-2015-AH10075140-42301,2015-10-24,2015-10-25,First Class,AH-100751406,Adam Hart,Corporate,2920.0,Cranston,Rhode Island,United States,Eastern US,USCA,FUR-FU-3936,Furniture,Furnishings,Deflect-o DuraMat Antistatic Studded Beveled Mat for Medium Pile Carpeting,210.68,2,0.0,50.56,79.52,Critical,2015-10,1
39742,CA-2015-AH10075140-42301,2015-10-24,2015-10-25,First Class,AH-100751406,Adam Hart,Corporate,2920.0,Cranston,Rhode Island,United States,Eastern US,USCA,FUR-TA-4943,Furniture,Tables,KI Adjustable-Height Table,240.74,4,0.3,-13.76,68.01,Critical,2015-10,1
32221,CA-2014-AH10075140-41898,2014-09-16,2014-09-21,Standard Class,AH-100751406,Adam Hart,Corporate,10011.0,New York City,New York,United States,Eastern US,USCA,OFF-BI-4338,Office Supplies,Binders,GBC DocuBind 300 Electric Binding Machine,841.57,2,0.2,294.55,57.49,Medium,2014-09,5
39983,CA-2014-AH10075140-41817,2014-06-27,2014-06-27,Same Day,AH-100751404,Adam Hart,Corporate,90036.0,Los Angeles,California,United States,Western US,USCA,OFF-SU-5635,Office Supplies,Supplies,Premier Electric Letter Opener,231.72,2,0.0,11.59,43.08,Critical,2014-06,0
33163,CA-2015-AH10075140-42110,2015-04-16,2015-04-19,First Class,AH-100751404,Adam Hart,Corporate,89015.0,Henderson,Nevada,United States,Western US,USCA,FUR-FU-4756,Furniture,Furnishings,"Howard Miller 12"" Round Wall Clock",196.45,5,0.0,70.72,36.52,Medium,2015-04,3
39711,CA-2014-AH10075140-41991,2014-12-18,2014-12-22,Standard Class,AH-100751402,Adam Hart,Corporate,76017.0,Arlington,Texas,United States,Central US,USCA,TEC-AC-6351,Technology,Accessories,WD My Passport Ultra 1TB Portable External Hard Drive,165.6,3,0.2,-6.21,11.15,Medium,2014-12,4
39743,CA-2015-AH10075140-42301,2015-10-24,2015-10-25,First Class,AH-100751406,Adam Hart,Corporate,2920.0,Cranston,Rhode Island,United States,Eastern US,USCA,FUR-FU-4022,Furniture,Furnishings,"Eldon 400 Class Desk Accessories, Black Carbon",35.0,4,0.0,14.7,8.98,Critical,2015-10,1
38383,CA-2015-AH10075140-42273,2015-09-26,2015-09-29,First Class,AH-100751406,Adam Hart,Corporate,19013.0,Chester,Pennsylvania,United States,Eastern US,USCA,OFF-SU-3839,Office Supplies,Supplies,Compact Automatic Electric Letter Opener,190.9,2,0.2,-42.95,8.72,Medium,2015-09,3
37340,CA-2015-AH10075140-42144,2015-05-20,2015-05-25,Second Class,AH-100751408,Adam Hart,Corporate,37918.0,Knoxville,Tennessee,United States,Southern US,USCA,FUR-CH-5429,Furniture,Chairs,Office Star - Mesh Screen back chair with Vinyl seat,314.35,3,0.2,-35.36,6.19,Medium,2015-05,5
39746,CA-2015-AH10075140-42301,2015-10-24,2015-10-25,First Class,AH-100751406,Adam Hart,Corporate,2920.0,Cranston,Rhode Island,United States,Eastern US,USCA,OFF-PA-6415,Office Supplies,Paper,"Wirebound Message Book, 4 per Page",43.44,8,0.0,21.29,5.97,Critical,2015-10,1
39710,CA-2014-AH10075140-41991,2014-12-18,2014-12-22,Standard Class,AH-100751402,Adam Hart,Corporate,76017.0,Arlington,Texas,United States,Central US,USCA,OFF-PA-6577,Office Supplies,Paper,Xerox 214,51.84,10,0.2,18.14,4.93,Medium,2014-12,4
39984,CA-2014-AH10075140-41817,2014-06-27,2014-06-27,Same Day,AH-100751404,Adam Hart,Corporate,90036.0,Los Angeles,California,United States,Western US,USCA,OFF-FA-5459,Office Supplies,Fasteners,OIC Binder Clips,17.9,5,0.0,8.95,4.89,Critical,2014-06,0
39985,CA-2014-AH10075140-41817,2014-06-27,2014-06-27,Same Day,AH-100751404,Adam Hart,Corporate,90036.0,Los Angeles,California,United States,Western US,USCA,OFF-PA-3115,Office Supplies,Paper,"Ampad Phone Message Book, Recycled, 400 Message Capacity, 5 ¾” x 11”",12.48,2,0.0,5.62,2.73,Critical,2014-06,0
32866,CA-2015-AH10075140-42335,2015-11-27,2015-12-01,Standard Class,AH-100751408,Adam Hart,Corporate,30318.0,Atlanta,Georgia,United States,Southern US,USCA,OFF-AR-5327,Office Supplies,Art,Newell 347,12.84,3,0.0,3.72,1.88,Medium,2015-11,4
39747,CA-2015-AH10075140-42301,2015-10-24,2015-10-25,First Class,AH-100751406,Adam Hart,Corporate,2920.0,Cranston,Rhode Island,United States,Eastern US,USCA,OFF-AP-4739,Office Supplies,Appliances,Hoover Replacement Belt for Commercial Guardsman Heavy-Duty Upright Vacuum,2.22,1,0.0,0.67,1.64,Critical,2015-10,1
36279,CA-2012-AH10075140-41228,2012-11-15,2012-11-21,Standard Class,AH-100751404,Adam Hart,Corporate,92646.0,Huntington Beach,California,United States,Western US,USCA,OFF-LA-5591,Office Supplies,Labels,Permanent Self-Adhesive File Folder Labels for Typewriters by Universal,5.22,2,0.0,2.4,1.51,Medium,2012-11,6
39051,CA-2013-AH10075140-41629,2013-12-21,2013-12-23,Second Class,AH-100751406,Adam Hart,Corporate,43229.0,Columbus,Ohio,United States,Eastern US,USCA,OFF-AR-5458,Office Supplies,Art,"OIC #2 Pencils, Medium Soft",3.01,2,0.2,0.34,1.38,High,2013-12,2
38382,CA-2015-AH10075140-42273,2015-09-26,2015-09-29,First Class,AH-100751406,Adam Hart,Corporate,19013.0,Chester,Pennsylvania,United States,Eastern US,USCA,OFF-BI-3301,Office Supplies,Binders,Avery Metallic Poly Binders,8.6,5,0.7,-6.3,1.37,Medium,2015-09,3
37341,CA-2015-AH10075140-42144,2015-05-20,2015-05-25,Second Class,AH-100751408,Adam Hart,Corporate,37918.0,Knoxville,Tennessee,United States,Southern US,USCA,OFF-PA-6504,Office Supplies,Paper,Xerox 1949,27.89,7,0.2,10.11,1.26,Medium,2015-05,5
34756,CA-2015-AS10090140-42264,2015-09-17,2015-09-19,First Class,AS-100901406,Adam Shillingsburg,Consumer,19143.0,Philadelphia,Pennsylvania,United States,Eastern US,USCA,OFF-BI-4343,Office Supplies,Binders,GBC DocuBind TL300 Electric Binding System,538.19,2,0.7,-412.62,209.3,Critical,2015-09,2
40955,CA-2012-AS10090140-41173,2012-09-21,2012-09-28,Standard Class,AS-100901406,Adam Shillingsburg,Consumer,10035.0,New York City,New York,United States,Eastern US,USCA,FUR-CH-5430,Furniture,Chairs,Office Star - Mid Back Dual function Ergonomic High Back Chair with 2-Way Adjustable Arms,579.53,4,0.1,83.71,64.56,Medium,2012-09,7
33285,CA-2013-AS10090140-41587,2013-11-09,2013-11-13,Standard Class,AS-100901402,Adam Shillingsburg,Consumer,65807.0,Springfield,Missouri,United States,Central US,USCA,FUR-TA-3427,Furniture,Tables,Bevis Round Conference Table Top & Single Column Base,1024.38,7,0.0,215.12,62.17,Medium,2013-11,4
36524,CA-2014-AS10090140-41812,2014-06-22,2014-06-27,Standard Class,AS-100901406,Adam Shillingsburg,Consumer,10011.0,New York City,New York,United States,Eastern US,USCA,FUR-BO-5529,Furniture,Bookcases,O'Sullivan Living Dimensions 5-Shelf Bookcases,353.57,2,0.2,-44.2,48.18,High,2014-06,5
34753,CA-2015-AS10090140-42264,2015-09-17,2015-09-19,First Class,AS-100901406,Adam Shillingsburg,Consumer,19143.0,Philadelphia,Pennsylvania,United States,Eastern US,USCA,TEC-AC-5138,Technology,Accessories,Logitech Trackman Marble Mouse,71.98,3,0.2,19.79,16.53,Critical,2015-09,2
36523,CA-2014-AS10090140-41812,2014-06-22,2014-06-27,Standard Class,AS-100901406,Adam Shillingsburg,Consumer,10011.0,New York City,New York,United States,Eastern US,USCA,OFF-BI-5638,Office Supplies,Binders,"Premium Transparent Presentation Covers, No Pattern/Clear, 8 1/2"" x 11""",186.14,6,0.2,60.5,15.46,High,2014-06,5
34757,CA-2015-AS10090140-42264,2015-09-17,2015-09-19,First Class,AS-100901406,Adam Shillingsburg,Consumer,19143.0,Philadelphia,Pennsylvania,United States,Eastern US,USCA,TEC-AC-5094,Technology,Accessories,Logitech 910-002974 M325 Wireless Mouse for Web Scrolling,47.98,2,0.2,14.4,13.56,Critical,2015-09,2
33698,CA-2015-AS10090140-42096,2015-04-02,2015-04-05,Second Class,AS-100901402,Adam Shillingsburg,Consumer,65807.0,Springfield,Missouri,United States,Central US,USCA,OFF-ST-4516,Office Supplies,Storage,Hanging Personal Folder File,94.2,6,0.0,23.55,12.42,High,2015-04,3
34754,CA-2015-AS10090140-42264,2015-09-17,2015-09-19,First Class,AS-100901406,Adam Shillingsburg,Consumer,19143.0,Philadelphia,Pennsylvania,United States,Eastern US,USCA,FUR-FU-4050,Furniture,Furnishings,"Eldon Expressions Punched Metal & Wood Desk Accessories, Black & Cherry",22.51,3,0.2,2.25,5.83,Critical,2015-09,2
40952,CA-2012-AS10090140-41173,2012-09-21,2012-09-28,Standard Class,AS-100901406,Adam Shillingsburg,Consumer,10035.0,New York City,New York,United States,Eastern US,USCA,FUR-FU-3844,Furniture,Furnishings,"Computer Room Manger, 14""",97.44,3,0.0,35.08,5.5,Medium,2012-09,7
33191,US-2015-AS10090140-42341,2015-12-03,2015-12-06,First Class,AS-100901408,Adam Shillingsburg,Consumer,22901.0,Charlottesville,Virginia,United States,Southern US,USCA,OFF-AR-5285,Office Supplies,Art,Newell 309,34.65,3,0.0,10.4,4.99,Medium,2015-12,3
33699,CA-2015-AS10090140-42096,2015-04-02,2015-04-05,Second Class,AS-100901402,Adam Shillingsburg,Consumer,65807.0,Springfield,Missouri,United States,Central US,USCA,OFF-FA-6129,Office Supplies,Fasteners,Staples,28.4,5,0.0,13.35,4.46,High,2015-04,3
40245,CA-2012-AS10090140-41266,2012-12-23,2012-12-25,First Class,AS-100901404,Adam Shillingsburg,Consumer,92037.0,San Diego,California,United States,Western US,USCA,OFF-AP-3367,Office Supplies,Appliances,Belkin 7-Outlet SurgeMaster Home Series,13.97,1,0.0,3.63,2.16,High,2012-12,2
33286,CA-2013-AS10090140-41587,2013-11-09,2013-11-13,Standard Class,AS-100901402,Adam Shillingsburg,Consumer,65807.0,Springfield,Missouri,United States,Central US,USCA,OFF-EN-2848,Office Supplies,Envelopes,"#10- 4 1/8"" x 9 1/2"" Recycled Envelopes",26.22,3,0.0,12.32,2.15,Medium,2013-11,4
36522,CA-2014-AS10090140-41812,2014-06-22,2014-06-27,Standard Class,AS-100901406,Adam Shillingsburg,Consumer,10011.0,New York City,New York,United States,Eastern US,USCA,OFF-BI-6094,Office Supplies,Binders,SpineVue Locking Slant-D Ring Binders by Cardinal,36.56,5,0.2,12.8,2.02,High,2014-06,5
39145,CA-2014-AS10090140-41762,2014-05-03,2014-05-07,Standard Class,AS-100901402,Adam Shillingsburg,Consumer,75061.0,Irving,Texas,United States,Central US,USCA,OFF-ST-3078,Office Supplies,Storage,Akro Stacking Bins,18.94,3,0.2,-3.79,1.79,Medium,2014-05,4
37405,CA-2014-AS10090140-41894,2014-09-12,2014-09-17,Standard Class,AS-100901402,Adam Shillingsburg,Consumer,60653.0,Chicago,Illinois,United States,Central US,USCA,OFF-LA-6021,Office Supplies,Labels,Smead Alpha-Z Color-Coded Name Labels First Letter Starter Set,6.0,2,0.2,2.1,1.46,High,2014-09,5
39146,CA-2014-AS10090140-41762,2014-05-03,2014-05-07,Standard Class,AS-100901402,Adam Shillingsburg,Consumer,75061.0,Irving,Texas,United States,Central US,USCA,OFF-ST-6158,Office Supplies,Storage,Sterilite Show Offs Storage Containers,12.67,3,0.2,-3.17,1.42,Medium,2014-05,4
39147,CA-2014-AS10090140-41762,2014-05-03,2014-05-07,Standard Class,AS-100901402,Adam Shillingsburg,Consumer,75061.0,Irving,Texas,United States,Central US,USCA,OFF-LA-3224,Office Supplies,Labels,Avery 502,5.04,2,0.2,1.76,1.35,Medium,2014-05,4
34755,CA-2015-AS10090140-42264,2015-09-17,2015-09-19,First Class,AS-100901406,Adam Shillingsburg,Consumer,19143.0,Philadelphia,Pennsylvania,United States,Eastern US,USCA,OFF-BI-3473,Office Supplies,Binders,Binder Posts,3.44,2,0.7,-2.76,1.31,Critical,2015-09,2
33284,CA-2013-AS10090140-41587,2013-11-09,2013-11-13,Standard Class,AS-100901402,Adam Shillingsburg,Consumer,65807.0,Springfield,Missouri,United States,Central US,USCA,OFF-BI-3473,Office Supplies,Binders,Binder Posts,17.22,3,0.0,7.92,1.3,Medium,2013-11,4
33287,CA-2013-AS10090140-41587,2013-11-09,2013-11-13,Standard Class,AS-100901402,Adam Shillingsburg,Consumer,65807.0,Springfield,Missouri,United States,Central US,USCA,OFF-PA-6535,Office Supplies,Paper,Xerox 1978,17.34,3,0.0,8.5,1.24,Medium,2013-11,4
40953,CA-2012-AS10090140-41173,2012-09-21,2012-09-28,Standard Class,AS-100901406,Adam Shillingsburg,Consumer,10035.0,New York City,New York,United States,Eastern US,USCA,OFF-BI-3729,Office Supplies,Binders,Cardinal Holdit Business Card Pockets,3.98,1,0.2,1.39,1.22,Medium,2012-09,7
40954,CA-2012-AS10090140-41173,2012-09-21,2012-09-28,Standard Class,AS-100901406,Adam Shillingsburg,Consumer,10035.0,New York City,New York,United States,Eastern US,USCA,OFF-AR-3285,Office Supplies,Art,"Avery Hi-Liter GlideStik Fluorescent Highlighter, Yellow Ink",13.04,4,0.0,5.74,1.16,Medium,2012-09,7
37406,CA-2014-AS10090140-41894,2014-09-12,2014-09-17,Standard Class,AS-100901402,Adam Shillingsburg,Consumer,60653.0,Chicago,Illinois,United States,Central US,USCA,OFF-BI-4884,Office Supplies,Binders,Insertable Tab Indexes For Data Binders,1.91,3,0.8,-3.24,1.11,High,2014-09,5
40336,CA-2014-AB10105140-41991,2014-12-18,2014-12-22,Standard Class,AB-101051402,Adrian Barton,Consumer,48205.0,Detroit,Michigan,United States,Central US,USCA,OFF-BI-4345,Office Supplies,Binders,GBC Ibimaster 500 Manual ProClick Binding System,9892.74,13,0.0,4946.37,498.7,Medium,2014-12,4
35208,CA-2015-AB10105140-42161,2015-06-06,2015-06-07,First Class,AB-101051402,Adrian Barton,Consumer,77581.0,Pearland,Texas,United States,Central US,USCA,TEC-PH-5089,Technology,Phones,LG G3,470.38,3,0.2,52.92,137.41,High,2015-06,1
33848,CA-2015-AB10105140-42328,2015-11-20,2015-11-24,Standard Class,AB-101051408,Adrian Barton,Consumer,42420.0,Henderson,Kentucky,United States,Southern US,USCA,FUR-FU-2871,Furniture,Furnishings,"3M Polarizing Task Lamp with Clamp Arm, Light Gray",821.88,6,0.0,213.69,83.56,Medium,2015-11,4
35580,CA-2012-AB10105140-41262,2012-12-19,2012-12-22,First Class,AB-101051402,Adrian Barton,Consumer,46203.0,Indianapolis,Indiana,United States,Central US,USCA,OFF-BI-4827,Office Supplies,Binders,Ibico Ibimaster 300 Manual Binding System,1103.97,3,0.0,496.79,63.82,Medium,2012-12,3
36011,CA-2015-AB10105140-42143,2015-05-19,2015-05-21,First Class,AB-101051404,Adrian Barton,Consumer,97206.0,Portland,Oregon,United States,Western US,USCA,TEC-PH-2879,Technology,Phones,Aastra 6757i CT Wireless VoIP phone,344.7,2,0.2,38.78,48.59,Medium,2015-05,2
32706,US-2014-AB10105140-41908,2014-09-26,2014-10-01,Standard Class,AB-101051404,Adrian Barton,Consumer,85023.0,Phoenix,Arizona,United States,Western US,USCA,FUR-TA-3412,Furniture,Tables,Bevis Boat-Shaped Conference Table,393.17,3,0.5,-204.45,22.1,Medium,2014-09,5
40403,CA-2013-AB10105140-41585,2013-11-07,2013-11-12,Standard Class,AB-101051402,Adrian Barton,Consumer,77041.0,Houston,Texas,United States,Central US,USCA,TEC-MA-3700,Technology,Machines,Canon PC170 Desktop Personal Copier,287.91,3,0.4,33.59,18.31,Medium,2013-11,5
38269,CA-2015-AB10105140-42267,2015-09-20,2015-09-26,Standard Class,AB-101051404,Adrian Barton,Consumer,85023.0,Phoenix,Arizona,United States,Western US,USCA,TEC-PH-5625,Technology,Phones,Polycom VoiceStation 500 Conference phone,471.92,2,0.2,29.5,16.71,Low,2015-09,6
40402,CA-2013-AB10105140-41585,2013-11-07,2013-11-12,Standard Class,AB-101051402,Adrian Barton,Consumer,77041.0,Houston,Texas,United States,Central US,USCA,OFF-ST-4281,Office Supplies,Storage,Fellowes Recycled Storage Drawers,177.65,2,0.2,-28.87,14.93,Medium,2013-11,5
38268,CA-2015-AB10105140-42267,2015-09-20,2015-09-26,Standard Class,AB-101051404,Adrian Barton,Consumer,85023.0,Phoenix,Arizona,United States,Western US,USCA,TEC-AC-6076,Technology,Accessories,Sony Micro Vault Click 16 GB USB 2.0 Flash Drive,89.58,2,0.2,4.48,12.35,Low,2015-09,6
40399,CA-2013-AB10105140-41585,2013-11-07,2013-11-12,Standard Class,AB-101051402,Adrian Barton,Consumer,77041.0,Houston,Texas,United States,Central US,USCA,OFF-ST-4457,Office Supplies,Storage,"Gould Plastics 9-Pocket Panel Bin, 18-3/8w x 5-1/4d x 20-1/2h, Black",84.78,2,0.2,-16.96,5.8,Medium,2013-11,5
40504,CA-2015-AB10105140-42220,2015-08-04,2015-08-08,Standard Class,AB-101051402,Adrian Barton,Consumer,61701.0,Bloomington,Illinois,United States,Central US,USCA,TEC-AC-4936,Technology,Accessories,Kensington K72356US Mouse-in-a-Box USB Desktop Mouse,39.82,3,0.2,7.47,5.7,High,2015-08,4
40400,CA-2013-AB10105140-41585,2013-11-07,2013-11-12,Standard Class,AB-101051402,Adrian Barton,Consumer,77041.0,Houston,Texas,United States,Central US,USCA,FUR-FU-6235,Furniture,Furnishings,Tenex Chairmats For Use with Hard Floors,64.96,5,0.6,-84.45,4.42,Medium,2013-11,5
36910,CA-2014-AB10105140-41672,2014-02-02,2014-02-07,Standard Class,AB-101051406,Adrian Barton,Consumer,10011.0,New York City,New York,United States,Eastern US,USCA,OFF-ST-3360,Office Supplies,Storage,"Belkin 19"" Center-Weighted Shelf, Gray",117.96,2,0.0,5.9,4.17,Medium,2014-02,5
38270,CA-2015-AB10105140-42267,2015-09-20,2015-09-26,Standard Class,AB-101051404,Adrian Barton,Consumer,85023.0,Phoenix,Arizona,United States,Western US,USCA,OFF-BI-5614,Office Supplies,Binders,Plastic Binding Combs,18.18,4,0.7,-13.94,3.26,Low,2015-09,6
40398,CA-2013-AB10105140-41585,2013-11-07,2013-11-12,Standard Class,AB-101051402,Adrian Barton,Consumer,77041.0,Houston,Texas,United States,Central US,USCA,OFF-AR-5156,Office Supplies,Art,Lumber Crayons,23.64,3,0.2,5.32,2.04,Medium,2013-11,5
38267,CA-2015-AB10105140-42267,2015-09-20,2015-09-26,Standard Class,AB-101051404,Adrian Barton,Consumer,85023.0,Phoenix,Arizona,United States,Western US,USCA,OFF-ST-3078,Office Supplies,Storage,Akro Stacking Bins,12.62,2,0.2,-2.52,1.94,Low,2015-09,6
33849,CA-2015-AB10105140-42328,2015-11-20,2015-11-24,Standard Class,AB-101051408,Adrian Barton,Consumer,42420.0,Henderson,Kentucky,United States,Southern US,USCA,OFF-BI-4346,Office Supplies,Binders,GBC Imprintable Covers,21.96,2,0.0,10.76,1.6,Medium,2015-11,4
40401,CA-2013-AB10105140-41585,2013-11-07,2013-11-12,Standard Class,AB-101051402,Adrian Barton,Consumer,77041.0,Houston,Texas,United States,Central US,USCA,OFF-BI-3308,Office Supplies,Binders,Avery Recycled Flexi-View Covers for Binding Systems,32.06,10,0.8,-51.3,1.59,Medium,2013-11,5
35579,CA-2012-AB10105140-41262,2012-12-19,2012-12-22,First Class,AB-101051402,Adrian Barton,Consumer,46203.0,Indianapolis,Indiana,United States,Central US,USCA,OFF-LA-3206,Office Supplies,Labels,Avery 487,3.69,1,0.0,1.73,1.39,Medium,2012-12,3
36955,CA-2014-AH10120140-41992,2014-12-19,2014-12-22,First Class,AH-101201404,Adrian Hane,Home Office,97301.0,Salem,Oregon,United States,Western US,USCA,FUR-TA-4841,Furniture,Tables,"Iceberg OfficeWorks 42"" Round Tables",377.45,5,0.5,-264.22,55.53,Medium,2014-12,3
35948,CA-2015-AH10120140-42103,2015-04-09,2015-04-13,Standard Class,AH-101201404,Adrian Hane,Home Office,94110.0,San Francisco,California,United States,Western US,USCA,OFF-PA-6497,Office Supplies,Paper,Xerox 1942,195.76,4,0.0,97.88,34.03,High,2015-04,4
33399,CA-2012-AH10120140-41107,2012-07-17,2012-07-17,Same Day,AH-101201404,Adrian Hane,Home Office,85705.0,Tucson,Arizona,United States,Western US,USCA,FUR-CH-5428,Furniture,Chairs,Office Star - Ergonomically Designed Knee Chair,259.14,4,0.2,-25.91,31.15,High,2012-07,0
35947,CA-2015-AH10120140-42103,2015-04-09,2015-04-13,Standard Class,AH-101201404,Adrian Hane,Home Office,94110.0,San Francisco,California,United States,Western US,USCA,OFF-PA-6441,Office Supplies,Paper,Xerox 1891,244.55,5,0.0,114.94,25.05,High,2015-04,4
38992,CA-2015-AH10120140-42188,2015-07-03,2015-07-06,First Class,AH-101201402,Adrian Hane,Home Office,77036.0,Houston,Texas,United States,Central US,USCA,OFF-PA-6361,Office Supplies,Paper,"White Dual Perf Computer Printout Paper, 2700 Sheets, 1 Part, Heavyweight, 20 lbs., 14 7/8 x 11",163.96,5,0.2,59.44,17.38,Medium,2015-07,3
37710,CA-2015-AH10120140-42234,2015-08-18,2015-08-24,Standard Class,AH-101201408,Adrian Hane,Home Office,40214.0,Louisville,Kentucky,United States,Southern US,USCA,TEC-AC-5097,Technology,Accessories,Logitech Desktop MK120 Mouse and keyboard Combo,98.16,6,0.0,9.82,13.93,Low,2015-08,6
37709,CA-2015-AH10120140-42234,2015-08-18,2015-08-24,Standard Class,AH-101201408,Adrian Hane,Home Office,40214.0,Louisville,Kentucky,United States,Southern US,USCA,OFF-BI-4358,Office Supplies,Binders,GBC Prestige Therm-A-Bind Covers,102.93,3,0.0,48.38,10.69,Low,2015-08,6
36951,CA-2014-AH10120140-41992,2014-12-19,2014-12-22,First Class,AH-101201404,Adrian Hane,Home Office,97301.0,Salem,Oregon,United States,Western US,USCA,OFF-BI-6345,Office Supplies,Binders,Vinyl Sectional Post Binders,45.24,4,0.7,-30.16,7.16,Medium,2014-12,3
36952,CA-2014-AH10120140-41992,2014-12-19,2014-12-22,First Class,AH-101201404,Adrian Hane,Home Office,97301.0,Salem,Oregon,United States,Western US,USCA,OFF-AR-5289,Office Supplies,Art,Newell 312,18.69,4,0.2,2.34,4.12,Medium,2014-12,3
36957,CA-2014-AH10120140-41992,2014-12-19,2014-12-22,First Class,AH-101201404,Adrian Hane,Home Office,97301.0,Salem,Oregon,United States,Western US,USCA,TEC-PH-5163,Technology,Phones,Macally Suction Cup Mount,28.68,3,0.2,-7.17,3.1,Medium,2014-12,3
36954,CA-2014-AH10120140-41992,2014-12-19,2014-12-22,First Class,AH-101201404,Adrian Hane,Home Office,97301.0,Salem,Oregon,United States,Western US,USCA,TEC-AC-6078,Technology,Accessories,Sony Micro Vault Click 8 GB USB 2.0 Flash Drive,112.78,3,0.2,-8.46,2.56,Medium,2014-12,3
36956,CA-2014-AH10120140-41992,2014-12-19,2014-12-22,First Class,AH-101201404,Adrian Hane,Home Office,97301.0,Salem,Oregon,United States,Western US,USCA,OFF-LA-3327,Office Supplies,Labels,Avery White Multi-Purpose Labels,15.94,4,0.2,5.18,2.36,Medium,2014-12,3
38993,CA-2015-AH10120140-42188,2015-07-03,2015-07-06,First Class,AH-101201402,Adrian Hane,Home Office,77036.0,Houston,Texas,United States,Central US,USCA,OFF-BI-6393,Office Supplies,Binders,Wilson Jones Four-Pocket Poly Binders,5.23,4,0.8,-8.11,1.74,Medium,2015-07,3
36953,CA-2014-AH10120140-41992,2014-12-19,2014-12-22,First Class,AH-101201404,Adrian Hane,Home Office,97301.0,Salem,Oregon,United States,Western US,USCA,OFF-PA-3507,Office Supplies,Paper,"Black Print Carbonless 8 1/2"" x 8 1/4"" Rapid Memo Book",11.65,2,0.2,3.79,1.52,Medium,2014-12,3
40178,CA-2014-AH10120140-41821,2014-07-01,2014-07-04,Second Class,AH-101201402,Adrian Hane,Home Office,60505.0,Aurora,Illinois,United States,Central US,USCA,TEC-AC-4945,Technology,Accessories,Kingston Digital DataTraveler 16GB USB 2.0,50.12,7,0.2,-0.63,1.34,Medium,2014-07,3
37694,CA-2015-AH10120140-42309,2015-11-01,2015-11-05,Standard Class,AH-101201402,Adrian Hane,Home Office,75217.0,Dallas,Texas,United States,Central US,USCA,OFF-AR-5331,Office Supplies,Art,Newell 350,5.25,2,0.2,0.59,1.26,Medium,2015-11,4
31843,CA-2015-AS10135140-42328,2015-11-20,2015-11-23,First Class,AS-101351406,Adrian Shami,Home Office,10035.0,New York City,New York,United States,Eastern US,USCA,OFF-BI-3307,Office Supplies,Binders,Avery Printable Repositionable Plastic Tabs,41.28,6,0.2,13.93,7.14,Medium,2015-11,3
31844,CA-2015-AS10135140-42328,2015-11-20,2015-11-23,First Class,AS-101351406,Adrian Shami,Home Office,10035.0,New York City,New York,United States,Eastern US,USCA,OFF-PA-6448,Office Supplies,Paper,Xerox 1898,13.36,2,0.0,6.41,2.31,Medium,2015-11,3
33098,CA-2014-AS10135140-41957,2014-11-14,2014-11-20,Standard Class,AS-101351404,Adrian Shami,Home Office,98002.0,Auburn,Washington,United States,Western US,USCA,FUR-FU-4070,Furniture,Furnishings,"Eldon Image Series Desk Accessories, Burgundy",4.18,1,0.0,1.5,1.18,Medium,2014-11,6
39794,CA-2012-AB10150140-40972,2012-03-04,2012-03-07,Second Class,AB-101501406,Aimee Bixby,Consumer,10701.0,Yonkers,New York,United States,Eastern US,USCA,TEC-AC-5140,Technology,Accessories,Logitech Wireless Gaming Headset G930,479.97,3,0.0,177.59,55.01,Medium,2012-03,3
39797,CA-2012-AB10150140-40972,2012-03-04,2012-03-07,Second Class,AB-101501406,Aimee Bixby,Consumer,10701.0,Yonkers,New York,United States,Eastern US,USCA,OFF-PA-6441,Office Supplies,Paper,Xerox 1891,97.82,2,0.0,45.98,10.13,Medium,2012-03,3
39793,CA-2012-AB10150140-40972,2012-03-04,2012-03-07,Second Class,AB-101501406,Aimee Bixby,Consumer,10701.0,Yonkers,New York,United States,Eastern US,USCA,OFF-AR-5325,Office Supplies,Art,Newell 345,59.52,3,0.0,15.48,8.02,Medium,2012-03,3
39796,CA-2012-AB10150140-40972,2012-03-04,2012-03-07,Second Class,AB-101501406,Aimee Bixby,Consumer,10701.0,Yonkers,New York,United States,Eastern US,USCA,OFF-BI-4378,Office Supplies,Binders,GBC Wire Binding Combs,49.63,6,0.2,16.75,7.52,Medium,2012-03,3
32852,CA-2015-AB10150140-42252,2015-09-05,2015-09-09,Standard Class,AB-101501406,Aimee Bixby,Consumer,11561.0,Long Beach,New York,United States,Eastern US,USCA,TEC-AC-6341,Technology,Accessories,"Verbatim 25 GB 6x Blu-ray Single Layer Recordable Disc, 25/Pack",91.96,4,0.0,39.54,6.44,Medium,2015-09,4
32896,CA-2015-AB10150140-42328,2015-11-20,2015-11-22,Second Class,AB-101501402,Aimee Bixby,Consumer,75007.0,Carrollton,Texas,United States,Central US,USCA,OFF-AR-3551,Office Supplies,Art,"Boston School Pro Electric Pencil Sharpener, 1670",99.14,4,0.2,8.67,4.31,Medium,2015-11,2
36410,CA-2014-AB10150140-41670,2014-01-31,2014-02-02,Second Class,AB-101501402,Aimee Bixby,Consumer,75220.0,Dallas,Texas,United States,Central US,USCA,OFF-PA-6553,Office Supplies,Paper,Xerox 1994,15.55,3,0.2,5.44,3.66,Critical,2014-01,2
39795,CA-2012-AB10150140-40972,2012-03-04,2012-03-07,Second Class,AB-101501406,Aimee Bixby,Consumer,10701.0,Yonkers,New York,United States,Eastern US,USCA,OFF-SU-2972,Office Supplies,Supplies,Acme Forged Steel Scissors with Black Enamel Handles,18.62,2,0.0,5.4,1.91,Medium,2012-03,3
32894,CA-2015-AB10150140-42328,2015-11-20,2015-11-22,Second Class,AB-101501402,Aimee Bixby,Consumer,75007.0,Carrollton,Texas,United States,Central US,USCA,OFF-PA-6453,Office Supplies,Paper,Xerox 1901,16.9,4,0.2,5.28,1.85,Medium,2015-11,2
32895,CA-2015-AB10150140-42328,2015-11-20,2015-11-22,Second Class,AB-101501402,Aimee Bixby,Consumer,75007.0,Carrollton,Texas,United States,Central US,USCA,OFF-SU-2971,Office Supplies,Supplies,Acme Elite Stainless Steel Scissors,6.67,1,0.2,0.5,1.74,Medium,2015-11,2
32897,CA-2015-AB10150140-42328,2015-11-20,2015-11-22,Second Class,AB-101501402,Aimee Bixby,Consumer,75007.0,Carrollton,Texas,United States,Central US,USCA,FUR-FU-6223,Furniture,Furnishings,Telescoping Adjustable Floor Lamp,15.99,2,0.6,-13.99,1.54,Medium,2015-11,2
33927,CA-2013-AB10150140-41527,2013-09-10,2013-09-15,Standard Class,AB-101501402,Aimee Bixby,Consumer,74133.0,Tulsa,Oklahoma,United States,Central US,USCA,OFF-PA-6508,Office Supplies,Paper,Xerox 1952,14.94,3,0.0,7.02,1.52,High,2013-09,5
31989,CA-2013-AB10165140-41361,2013-03-28,2013-04-02,Standard Class,AB-101651404,Alan Barnes,Consumer,90036.0,Los Angeles,California,United States,Western US,USCA,TEC-AC-4870,Technology,Accessories,Imation Bio 8GB USB Flash Drive Imation Corp,166.24,1,0.0,24.94,17.4,Medium,2013-03,5
35613,CA-2013-AB10165140-41450,2013-06-25,2013-07-01,Standard Class,AB-101651404,Alan Barnes,Consumer,90045.0,Los Angeles,California,United States,Western US,USCA,OFF-ST-6293,Office Supplies,Storage,Tennsco Regal Shelving Units,304.23,3,0.0,9.13,11.27,Medium,2013-06,6
37429,CA-2015-AB10165140-42263,2015-09-16,2015-09-21,Standard Class,AB-101651408,Alan Barnes,Consumer,37087.0,Lebanon,Tennessee,United States,Southern US,USCA,OFF-PA-6443,Office Supplies,Paper,Xerox 1893,163.96,5,0.2,59.44,7.84,Medium,2015-09,5
32227,CA-2015-AB10165140-42109,2015-04-15,2015-04-18,First Class,AB-101651406,Alan Barnes,Consumer,43615.0,Toledo,Ohio,United States,Eastern US,USCA,OFF-AR-5929,Office Supplies,Art,"Sanford Prismacolor Professional Thick Lead Art Pencils, 36-Color Set",89.86,3,0.2,21.34,5.26,Medium,2015-04,3
35612,CA-2013-AB10165140-41450,2013-06-25,2013-07-01,Standard Class,AB-101651404,Alan Barnes,Consumer,90045.0,Los Angeles,California,United States,Western US,USCA,OFF-BI-4373,Office Supplies,Binders,"GBC Velobind Prepunched Cover Sets, Regency Series",88.75,3,0.2,27.74,4.77,Medium,2013-06,6
39961,CA-2015-AB10165140-42094,2015-03-31,2015-04-02,Second Class,AB-101651404,Alan Barnes,Consumer,90712.0,Lakewood,California,United States,Western US,USCA,FUR-FU-4329,Furniture,Furnishings,Flat Face Poster Frame,94.2,5,0.0,39.56,4.69,Medium,2015-03,2
36600,US-2012-AB10165140-41228,2012-11-15,2012-11-19,Standard Class,AB-101651402,Alan Barnes,Consumer,62521.0,Decatur,Illinois,United States,Central US,USCA,FUR-CH-5790,Furniture,Chairs,SAFCO Optional Arm Kit for Workspace Cribbage Stacking Chair,37.3,2,0.3,-1.07,4.4,High,2012-11,4
39761,CA-2013-AB10165140-41404,2013-05-10,2013-05-15,Standard Class,AB-101651404,Alan Barnes,Consumer,80027.0,Louisville,Colorado,United States,Western US,USCA,TEC-AC-3407,Technology,Accessories,Belkin Standard 104 key USB Keyboard,46.69,4,0.2,-2.92,4.29,Medium,2013-05,5
31990,CA-2013-AB10165140-41361,2013-03-28,2013-04-02,Standard Class,AB-101651404,Alan Barnes,Consumer,90036.0,Los Angeles,California,United States,Western US,USCA,OFF-PA-6534,Office Supplies,Paper,Xerox 1977,33.4,5,0.0,16.03,2.25,Medium,2013-03,5
34730,CA-2015-AB10165140-42344,2015-12-06,2015-12-10,Standard Class,AB-101651404,Alan Barnes,Consumer,98006.0,Bellevue,Washington,United States,Western US,USCA,OFF-BI-4378,Office Supplies,Binders,GBC Wire Binding Combs,24.82,3,0.2,8.38,2.02,Medium,2015-12,4
35611,CA-2013-AB10165140-41450,2013-06-25,2013-07-01,Standard Class,AB-101651404,Alan Barnes,Consumer,90045.0,Los Angeles,California,United States,Western US,USCA,OFF-FA-6129,Office Supplies,Fasteners,Staples,20.96,2,0.0,5.24,1.56,Medium,2013-06,6
32226,CA-2015-AB10165140-42109,2015-04-15,2015-04-18,First Class,AB-101651406,Alan Barnes,Consumer,43615.0,Toledo,Ohio,United States,Eastern US,USCA,OFF-AR-6632,Office Supplies,Art,Zebra Zazzle Fluorescent Highlighters,14.59,3,0.2,2.55,1.34,Medium,2015-04,3
32228,CA-2015-AB10165140-42109,2015-04-15,2015-04-18,First Class,AB-101651406,Alan Barnes,Consumer,43615.0,Toledo,Ohio,United States,Eastern US,USCA,OFF-PA-6516,Office Supplies,Paper,Xerox 196,13.87,3,0.2,5.03,1.21,Medium,2015-04,3
34731,CA-2015-AB10165140-42344,2015-12-06,2015-12-10,Standard Class,AB-101651404,Alan Barnes,Consumer,98006.0,Bellevue,Washington,United States,Western US,USCA,OFF-BI-6634,Office Supplies,Binders,Zipper Ring Binder Pockets,14.98,6,0.2,5.43,1.15,Medium,2015-12,4
31812,CA-2015-AD10180140-42027,2015-01-23,2015-01-28,Standard Class,AD-101801404,Alan Dominguez,Home Office,59405.0,Great Falls,Montana,United States,Western US,USCA,TEC-CO-3690,Technology,Copiers,Canon Image Class D660 Copier,2999.95,5,0.0,1379.98,121.36,Medium,2015-01,5
31815,CA-2015-AD10180140-42027,2015-01-23,2015-01-28,Standard Class,AD-101801404,Alan Dominguez,Home Office,59405.0,Great Falls,Montana,United States,Western US,USCA,OFF-ST-6294,Office Supplies,Storage,Tennsco Single-Tier Lockers,1126.02,3,0.0,56.3,72.26,Medium,2015-01,5
31421,US-2012-AD10180140-41268,2012-12-25,2012-12-27,Second Class,AD-101801402,Alan Dominguez,Home Office,77041.0,Houston,Texas,United States,Central US,USCA,FUR-CH-4400,Furniture,Chairs,Global Deluxe High-Back Manager's Chair,600.56,3,0.3,-8.58,58.54,High,2012-12,2
36225,CA-2015-AD10180140-42340,2015-12-02,2015-12-07,Standard Class,AD-101801406,Alan Dominguez,Home Office,6824.0,Fairfield,Connecticut,United States,Eastern US,USCA,FUR-CH-4397,Furniture,Chairs,Global Comet Stacking Armless Chair,897.15,3,0.0,251.2,58.41,Medium,2015-12,5
36585,US-2015-AD10180140-42125,2015-05-01,2015-05-06,Standard Class,AD-101801404,Alan Dominguez,Home Office,94122.0,San Francisco,California,United States,Western US,USCA,OFF-PA-6471,Office Supplies,Paper,Xerox 1919,163.96,4,0.0,80.34,7.09,Medium,2015-05,5
34996,CA-2015-AD10180140-42322,2015-11-14,2015-11-19,Second Class,AD-101801406,Alan Dominguez,Home Office,10701.0,Yonkers,New York,United States,Eastern US,USCA,TEC-AC-4939,Technology,Accessories,KeyTronic 6101 Series - Keyboard - Black,163.96,4,0.0,70.5,4.96,Medium,2015-11,5
32623,CA-2013-AD10180140-41439,2013-06-14,2013-06-18,Standard Class,AD-101801406,Alan Dominguez,Home Office,19120.0,Philadelphia,Pennsylvania,United States,Eastern US,USCA,FUR-FU-4051,Furniture,Furnishings,"Eldon Expressions Punched Metal & Wood Desk Accessories, Pewter & Cherry",51.07,6,0.2,5.11,1.94,High,2013-06,4
31813,CA-2015-AD10180140-42027,2015-01-23,2015-01-28,Standard Class,AD-101801404,Alan Dominguez,Home Office,59405.0,Great Falls,Montana,United States,Western US,USCA,OFF-ST-3059,Office Supplies,Storage,Advantus Rolling Storage Box,51.45,3,0.0,13.89,1.84,Medium,2015-01,5
36224,CA-2015-AD10180140-42340,2015-12-02,2015-12-07,Standard Class,AD-101801406,Alan Dominguez,Home Office,6824.0,Fairfield,Connecticut,United States,Eastern US,USCA,OFF-PA-6577,Office Supplies,Paper,Xerox 214,19.44,3,0.0,9.33,1.82,Medium,2015-12,5
41032,CA-2012-AD10180140-41231,2012-11-18,2012-11-21,Second Class,AD-101801406,Alan Dominguez,Home Office,19134.0,Philadelphia,Pennsylvania,United States,Eastern US,USCA,OFF-PA-2856,Office Supplies,Paper,"1/4 Fold Party Design Invitations & White Envelopes, 24 8-1/2"" X 11"" Cards, 25 Env./Pack",5.88,1,0.2,1.98,1.76,Medium,2012-11,3
32583,CA-2013-AD10180140-41459,2013-07-04,2013-07-08,Standard Class,AD-101801406,Alan Dominguez,Home Office,10035.0,New York City,New York,United States,Eastern US,USCA,OFF-AR-3837,Office Supplies,Art,Colorific Watercolor Pencils,15.48,3,0.0,4.49,1.68,Medium,2013-07,4
31814,CA-2015-AD10180140-42027,2015-01-23,2015-01-28,Standard Class,AD-101801404,Alan Dominguez,Home Office,59405.0,Great Falls,Montana,United States,Western US,USCA,OFF-PA-4460,Office Supplies,Paper,Great White Multi-Use Recycled Paper (20Lb. and 84 Bright),11.96,2,0.0,5.38,1.07,Medium,2015-01,5
31585,CA-2014-AH10195140-41992,2014-12-19,2014-12-21,Second Class,AH-101951408,Alan Haines,Corporate,33319.0,Tamarac,Florida,United States,Southern US,USCA,OFF-SU-5634,Office Supplies,Supplies,Premier Automatic Letter Opener,961.48,5,0.2,-204.31,89.23,Medium,2014-12,2
31583,CA-2014-AH10195140-41992,2014-12-19,2014-12-21,Second Class,AH-101951408,Alan Haines,Corporate,33319.0,Tamarac,Florida,United States,Southern US,USCA,OFF-BI-4374,Office Supplies,Binders,GBC VeloBinder Electric Binding Machine,254.06,7,0.7,-169.37,29.13,Medium,2014-12,2
36551,CA-2013-AH10195140-41338,2013-03-05,2013-03-07,Second Class,AH-101951406,Alan Haines,Corporate,18018.0,Bethlehem,Pennsylvania,United States,Eastern US,USCA,FUR-CH-6016,Furniture,Chairs,"Situations Contoured Folding Chairs, 4/Set",99.37,2,0.3,-7.1,10.79,High,2013-03,2
31584,CA-2014-AH10195140-41992,2014-12-19,2014-12-21,Second Class,AH-101951408,Alan Haines,Corporate,33319.0,Tamarac,Florida,United States,Southern US,USCA,OFF-AP-2889,Office Supplies,Appliances,"Acco 7-Outlet Masterpiece Power Center, Wihtout Fax/Phone Line Protection",194.53,2,0.2,24.32,10.39,Medium,2014-12,2
36552,CA-2013-AH10195140-41338,2013-03-05,2013-03-07,Second Class,AH-101951406,Alan Haines,Corporate,18018.0,Bethlehem,Pennsylvania,United States,Eastern US,USCA,FUR-FU-2864,Furniture,Furnishings,36X48 HARDFLOOR CHAIRMAT,33.57,2,0.2,-5.45,4.64,High,2013-03,2
34645,CA-2015-AH10195140-42314,2015-11-06,2015-11-08,First Class,AH-101951402,Alan Haines,Corporate,60623.0,Chicago,Illinois,United States,Central US,USCA,OFF-BI-3308,Office Supplies,Binders,Avery Recycled Flexi-View Covers for Binding Systems,16.03,5,0.8,-25.65,2.16,Critical,2015-11,2
36699,CA-2015-AH10195140-42241,2015-08-25,2015-08-30,Standard Class,AH-101951406,Alan Haines,Corporate,10024.0,New York City,New York,United States,Eastern US,USCA,OFF-BI-3983,Office Supplies,Binders,DXL Angle-View Binders with Locking Rings by Samsill,24.67,4,0.2,7.71,1.62,Medium,2015-08,5
36700,CA-2015-AH10195140-42241,2015-08-25,2015-08-30,Standard Class,AH-101951406,Alan Haines,Corporate,10024.0,New York City,New York,United States,Eastern US,USCA,OFF-BI-2936,Office Supplies,Binders,Acco Translucent Poly Ring Binders,3.74,1,0.2,1.31,1.25,Medium,2015-08,5
36275,CA-2013-AH10210140-41615,2013-12-07,2013-12-09,First Class,AH-102101406,Alan Hwang,Consumer,10024.0,New York City,New York,United States,Eastern US,USCA,TEC-PH-3966,Technology,Phones,Digium D40 VoIP phone,773.94,6,0.0,224.44,121.91,Medium,2013-12,2
33778,CA-2015-AH10210140-42363,2015-12-25,2016-01-01,Standard Class,AH-102101404,Alan Hwang,Consumer,98105.0,Seattle,Washington,United States,Western US,USCA,OFF-ST-5422,Office Supplies,Storage,Office Impressions Heavy Duty Welded Shelving & Multimedia Storage Drawers,1003.62,6,0.0,0.0,121.83,Low,2015-12,7
40387,US-2015-AH10210140-42291,2015-10-14,2015-10-16,First Class,AH-102101408,Alan Hwang,Consumer,40214.0,Louisville,Kentucky,United States,Southern US,USCA,OFF-ST-6315,Office Supplies,Storage,"Trav-L-File Heavy-Duty Shuttle II, Black",348.56,8,0.0,104.57,116.69,High,2015-10,2
40570,CA-2015-AH10210140-42250,2015-09-03,2015-09-07,Standard Class,AH-102101408,Alan Hwang,Consumer,42420.0,Henderson,Kentucky,United States,Southern US,USCA,OFF-BI-4338,Office Supplies,Binders,GBC DocuBind 300 Electric Binding Machine,1577.94,3,0.0,757.41,74.59,Medium,2015-09,4
37599,CA-2015-AH10210140-42332,2015-11-24,2015-11-28,Standard Class,AH-102101402,Alan Hwang,Consumer,75220.0,Dallas,Texas,United States,Central US,USCA,TEC-PH-5560,Technology,Phones,Panasonic KX TS208W Corded phone,195.96,5,0.2,19.6,26.17,High,2015-11,4
35712,CA-2012-AH10210140-41241,2012-11-28,2012-12-05,Standard Class,AH-102101404,Alan Hwang,Consumer,94122.0,San Francisco,California,United States,Western US,USCA,TEC-PH-6413,Technology,Phones,Wilson SignalBoost 841262 DB PRO Amplifier Kit,575.92,2,0.2,71.99,17.88,Medium,2012-11,7
36180,CA-2015-AH10210140-42072,2015-03-09,2015-03-16,Standard Class,AH-102101404,Alan Hwang,Consumer,92804.0,Anaheim,California,United States,Western US,USCA,OFF-BI-4485,Office Supplies,Binders,"Green Canvas Binder for 8-1/2"" x 14"" Sheets",171.2,5,0.2,64.2,12.9,Medium,2015-03,7
31562,CA-2013-AH10210140-41588,2013-11-10,2013-11-15,Standard Class,AH-102101404,Alan Hwang,Consumer,94513.0,Brentwood,California,United States,Western US,USCA,TEC-AC-5237,Technology,Accessories,Microsoft Sculpt Comfort Mouse,79.9,2,0.0,35.16,5.46,Medium,2013-11,5
36273,CA-2013-AH10210140-41615,2013-12-07,2013-12-09,First Class,AH-102101406,Alan Hwang,Consumer,10024.0,New York City,New York,United States,Eastern US,USCA,OFF-BI-5642,Office Supplies,Binders,Pressboard Data Binders by Wilson Jones,21.36,5,0.2,7.21,2.13,Medium,2013-12,2
35713,CA-2012-AH10210140-41241,2012-11-28,2012-12-05,Standard Class,AH-102101404,Alan Hwang,Consumer,94122.0,San Francisco,California,United States,Western US,USCA,OFF-FA-6129,Office Supplies,Fasteners,Staples,30.4,5,0.0,15.2,2.12,Medium,2012-11,7
34752,CA-2014-AH10210140-41690,2014-02-20,2014-02-27,Standard Class,AH-102101408,Alan Hwang,Consumer,37211.0,Nashville,Tennessee,United States,Southern US,USCA,OFF-PA-6092,Office Supplies,Paper,"Speediset Carbonless Redi-Letter 7"" x 8 1/2""",16.5,2,0.2,5.57,1.72,Medium,2014-02,7
36274,CA-2013-AH10210140-41615,2013-12-07,2013-12-09,First Class,AH-102101406,Alan Hwang,Consumer,10024.0,New York City,New York,United States,Eastern US,USCA,OFF-BI-3268,Office Supplies,Binders,Avery Durable Slant Ring Binders With Label Holder,6.69,2,0.2,2.34,1.53,Medium,2013-12,2
36181,CA-2015-AH10210140-42072,2015-03-09,2015-03-16,Standard Class,AH-102101404,Alan Hwang,Consumer,92804.0,Anaheim,California,United States,Western US,USCA,OFF-AR-5301,Office Supplies,Art,Newell 323,3.36,2,0.0,0.87,1.27,Medium,2015-03,7
33273,CA-2012-AS10225140-41199,2012-10-17,2012-10-19,Second Class,AS-102251408,Alan Schoenberger,Corporate,36116.0,Montgomery,Alabama,United States,Southern US,USCA,TEC-PH-3183,Technology,Phones,Avaya IP Phone 1140E VoIP phone,1394.95,5,0.0,362.69,140.1,Medium,2012-10,2
33951,CA-2015-AS10225140-42265,2015-09-18,2015-09-22,Second Class,AS-102251404,Alan Schoenberger,Corporate,84604.0,Provo,Utah,United States,Western US,USCA,FUR-BO-4391,Furniture,Bookcases,"Global Adaptabilites Bookcase, Cherry/Storm Gray Finish",1292.94,3,0.0,77.58,77.12,Medium,2015-09,4
33272,CA-2012-AS10225140-41199,2012-10-17,2012-10-19,Second Class,AS-102251408,Alan Schoenberger,Corporate,36116.0,Montgomery,Alabama,United States,Southern US,USCA,OFF-ST-4456,Office Supplies,Storage,"Gould Plastics 18-Pocket Panel Bin, 34w x 5-1/4d x 20-1/2h",275.97,3,0.0,11.04,36.12,Medium,2012-10,2
33274,CA-2012-AS10225140-41199,2012-10-17,2012-10-19,Second Class,AS-102251408,Alan Schoenberger,Corporate,36116.0,Montgomery,Alabama,United States,Southern US,USCA,FUR-CH-4429,Furniture,Chairs,"Global Wood Trimmed Manager's Task Chair, Khaki",545.88,6,0.0,70.96,29.9,Medium,2012-10,2
33950,CA-2015-AS10225140-42265,2015-09-18,2015-09-22,Second Class,AS-102251404,Alan Schoenberger,Corporate,84604.0,Provo,Utah,United States,Western US,USCA,OFF-PA-4465,Office Supplies,Paper,Green Bar Computer Printout Paper,164.88,3,0.0,80.79,12.73,Medium,2015-09,4
36249,CA-2015-AS10225140-42347,2015-12-09,2015-12-13,Second Class,AS-102251404,Alan Schoenberger,Corporate,94109.0,San Francisco,California,United States,Western US,USCA,OFF-AP-3371,Office Supplies,Appliances,Belkin 8-Outlet Premiere SurgeMaster II Surge Protectors,69.48,1,0.0,20.84,12.04,High,2015-12,4
